old_number	date	name
1	20120325	Scotland
2	20120327	Kat & Mike
3	old_3	Me
4	20120330	Telescope
6	20120402	Prime time (lens tests)
7	20120403	Lab
8	20120405	Sun
9	20120413	Random crap and jc's prime
10	20120505	Double-focusing and proximity
11	20120505	Rani & jay
12	20120505	Very long exposures
13	20120505	Multi exposure
14	20120604	Beacon fell and Unilever
15	20120630	RAF Waddington 2012
16	20120621	Pi
17	20120714	Katmelon
18	20120722	Kat with JC's nikon, Photogenic by JC
19	20111125	Old stuff from Fuji
20	20120716	Stretford Park
21	20120722	Kat in woods
22	old_22	Jc drunk
23	20120804	Moon
24	20120808	Katiana
25	20120814	Showing JC the Pentax lenses and also testing the Sigma at short range
26	20120816	Testing Sigma at uni
27	20120818	Kat & Sigma
28	20120902	Horwich
29	20120906	Weird bug in living room
30	20120908	Horwich (Kat+Ant)
31	20121010	Cris testing lens & PhotoSoc UMIST
32	20121012	Shahneela Rivington
33	20121018	Lab harassment
34	20121019	Squash (35mm prime test)
35	20121021	Hill
36	20121023	Lab harassment (second group)
37	20121024	Monika's birthday
38	20121103	Fibrelamp+Bokeh
39	20121030	John's art
40	20121104	Playing with prime
41	20121104	Rusholme from Shahneela's balcony
42	20121105	Bonfire night (Shah+Cris)
43	20121108	Francine weekend
44	20121112	Sara's birthday
45	20121117	Pooplets in preston + Jc's bday dinner thing
46	20121123	Monika's leaving do
47	20121128	Moon Jupiter
48	20121128	Shah hyper
49	20121207	I'm John
50	20121216	Preston with Kat, Dec2012
51	20121217	Shah's birthday + Bokeh
52	20121226	Dad's D5100 first lot
53	20121225	Rani+Jay+Shah sleeping+Gangham Rani
54	20130112	Israt's painting + Dad at Rivington
55	20130116	Shahneela at 8am after steaks
56	20130122	Keylime Pi
57	20130126	Sky + Shah
58	20130202	Lytham beach sunset
59	20130214	Israt birthday
60	20130302	Bday dinner Tai Wu
61	20130324	Joanne, Bath
62	20130330	Dad playing with my camera, monopoly
63	20130506	Chickens, Golf, Oxford lab, Beach sunset, Cave+aloowalk
64	20130514	Sunset timelapse
65	20130525	Ducklings
66	20130526	Parlick, gliders, JBLs
67	20130601	Lancaster sunset, cows
68	20130609	Buteefish garden, bees
69	20130609	NFSMW on PC
70	20130629	Tawseef birthday at Shahneela's
71	20130706	RAF Waddington 2013
72	20130717	Aloo Graduation
73	old_73	Testing HD nightvision video
74	20130729	Snowdon with Dad
75	20130801	Manchester from a distance
76	20130803	Rivington and butterflies
77	20130806	Cousins+chickens+Beacon Fell
78	20130810	Melbreak Hill
79	old_79	Wine
80	20130825	Garden plants (sunflowers, mint, cress)
81	20130909	Douchebag taxi driver reversed into me
82	20130928	Conwy beach, Wales with Disha
83	20131013	Lake district, Ambleside, Windermere
84	20131015	Power cut
85	20131019	Dramatic clouds in Preston
86	20131030	Sigma 10-20mm test
87	20131031	Sigma 10-20mm woods + aloo
88	20131110	Iceland, Nov-2013
89	20121015	Aura SMPS
90	20131212	JC's LED strip
91	20131213	HMRC tax stuff Sigma Pi
92	20131224	Storm @ Lytham beach
93	20131224	Storm @ Blackpool
94	20131226	Mum+dad in house (mum wideangle lols)
95	20131227	Laird
96	20131231	Beacon Fell sunset
97	20140110	Failed northern lights @ Blackburn
100	20131110	Wideangle warmup, Iceland
101	20131110	Bus and Reykjavik, Iceland
102	20131111	Stormhike, Iceland
103	20131112	Golden Circle and snowmobiles, Iceland
104	20131112	Post-snowmobile, Iceland
105	20131113	Around Reykjavik, Iceland
106	20131113	Northern lights hunt (fail), Iceland
107	20131114	Journey home, Iceland
111	20140130	Dad's wideangle and fisheye adaptor
112	20140218	Warsaw, Poland
113	20140222	Vilnius, Lithuania
114	20140225	Tallinn, Estonia
115	20140305	Mari (private), Estonia
116	20140306	Tallinn, Estonia
117	20140324	Tallinn, Estonia
118	20140403	Tallinn, Estonia
119	20140412	Riga, Latvia
120	20140413	Vilnius, Lithuania
121	20140417	Warsaw, Poland
122	20140418	Krakow, Poland
123	20140419	Helsinki, Finland
124	20140426	Back in Estonia
125	20140523	Linnahall, Estonia
125	20140517	Pärnu, Estonia
125	20140623	Summer festival, Estonia
126	20140618	Saaremaa, Estonia
127	20140628	Tolla, Estonia
128	20140630	Suit, Estonia
130	20140705	Parade, Estonia
131	20140706	Song and dance festival, Estonia
135	20140712	Helsinki (Mario party + hostel)
136	20140714	Norway
137	20140715	Eidfjord, Norway
138	20140715	Long bridge (Norway)
139	20140716	Road trip to Oslo, Norway
140	20140716	Meteor + Oslo, Norway
141	20140717	Oslo, Norway
142	20140718	Oslo 3D timelapse, Norway
143	20140717	Oslo, Norway
144	20140718	Oslo, Norway
145	20140719	Open air, around Vanalinn, Estonia, Dusk timelapse
146	20140725	Patarei, sea museum, Estonia
147	20140726	Boat to Finland
148	20140726	Boat to Finland (timelapse)
150	20140724	Tactical Shooting, Estonia
160	20140727	Suomenlinna boat timelapse, Finland
161	20140727	Suomenlinna, Finland
162	20140727	Suomenlinna, Finland
170	20140802	Tolla Van Gogh
171	20140804	Tolla sunset with Mari
172	20140802	Tolla insects
173	20140805	South Estonia tour
174	20140808	Sandras summer house
175	20140814	Watermelon
176	20140906	Tartu weekend
177	20140913	Potato picking
178	20140913	Potato picking after
183	20141004	Haapsalu
184	20141011	Kardo
185	20141113	Reddy pubcrawl
186	20141121	Snow and booze for UK, Estonia
190	20141217	UK christmas trip
191	20141219	Home and Dinner
200	20141223	Xmas Kaiu
201	20141226	Xmas Kaiu and swamp
202	20150102	Mari knitting and glowstick
203	20150123	Stockholm with Kat, Sweden
204	20150220	Amsterdam (Ploom, Kat, Macca, Birgit, Taavi)
205	20150317	Aurora, Tallinn
206	20150319	Copenhagen with Dad, Denmark
207	20150425	Tolla long timelapse, Estonia
208	20150425	Volle birthday
209	20150425	Ploomi Isa birthday
210	20150502	Andra birthday
211	20150618	Dad and Mari in UK
212	20150619	White scar with Mari
213	20150728	North-east Estonia
214	20150425	Tolla dark timelapse
215	20150806	EF weekend
216	20150810	Dad+Mari Lithuania
217	20150810	Dad+Mari Trakkai timelapses
218	20150810	Dad+Mari Trakkai
219	20150814	Dad at Tondi shooting
220	20150817	Aegna Saar
221	20150818	Rummu quarry with Mari+Celia
222	20150905	Milky way, Kaiu
223	20150912	Pärnu, Estonia
224	20150914	Farmers protest, Tallinn, Estonia
225	20151205	Mari using D5100
226	20160114	Kiruna
227	20160114	Lab timelapse, Kiruna
228	20160114	IRF, Kiruna
229	20160115	Snow trails timelapse, Kiruna
230	20160115	Ice rink timelapse, Kiruna
231	20160115	Ice rink day, Kiruna
232	20160120	Failed aurora, Kiruna
233	20160123	Team dinner
234	20160125	Clean-room timelapse, IRF
236	20160130	Pripyat boredomlapse
237	20160202	Aurora 1
238	20160202	Aurora timelapse 1
239	20160203	Aurora timelapse 2
240	20160215	Integration timelapse
241	20160215	Aurora at late finish
242	20160215	Aurora at Bromsgatan
243	20160213	Scenery
244	20160219	Steak, integration, coop
245	20160225	Snowdiving, caprice
246	20160226	Estonia break
247	20160302	EF brochure
248	20160315	Huge pi-day aurora
249	20160316	Aurora timelapse from balcony
250	20160318	More kiruna
251	20160322	qb50 photos
252	20160323	More kiruna
253	20160403	Igloo
254	20160412	Aurora from balcony, over the houses
255	20160429	Radio equation
256	20160509	Shake test for qb01
